{"train/train_runtime": 37.0528, "train/train_samples_per_second": 16.193, "train/train_steps_per_second": 0.648, "train/total_flos": 19592009737500.0, "train/train_loss": 0.648597240447998, "train/epoch": 2.0, "train/global_step": 24, "_timestamp": 1685160385.6727703, "_runtime": 1026.1915793418884, "_step": 3, "eval/loss": 0.6742175221443176, "eval/accuracy": 0.56, "eval/f1": 0.6451612903225805, "eval/runtime": 1.9528, "eval/samples_per_second": 51.209, "eval/steps_per_second": 2.048}