{"train/train_runtime": 628.1913, "train/train_samples_per_second": 0.955, "train/train_steps_per_second": 0.038, "train/total_flos": 19592009737500.0, "train/train_loss": 0.6502002477645874, "train/epoch": 2.0, "train/global_step": 24, "_timestamp": 1685159404.4498856, "_runtime": 44.96869468688965, "_step": 1, "eval/loss": 0.6655668020248413, "eval/accuracy": 0.59, "eval/f1": 0.6666666666666667, "eval/runtime": 2.4202, "eval/samples_per_second": 41.319, "eval/steps_per_second": 1.653}