{"train/train_runtime": 39.7835, "train/train_samples_per_second": 15.082, "train/train_steps_per_second": 0.603, "train/total_flos": 19681940274000.0, "train/train_loss": 0.6490575869878134, "train/epoch": 2.0, "train/global_step": 24, "_timestamp": 1694833894.8813224, "_runtime": 140.99677848815918, "_step": 1, "eval/loss": 0.6537337303161621, "eval/accuracy": 0.61, "eval/f1": 0.6608695652173914, "eval/runtime": 27.9019, "eval/samples_per_second": 3.584, "eval/steps_per_second": 0.143}